year,nation
1950,150
1950,155
1950,339
1950,210
1950,211
1950,450
1950,666
1950,310
1950,663
1950,315
1950,660
1950,775
1950,130
1950,750
1950,135
1950,165
1950,212
1950,230
1950,93
1950,731
1950,92
1950,20
1950,790
1950,95
1950,42
1950,40
1950,41
1950,678
1950,345
1950,2
1950,652
1950,325
1950,365
1950,360
1950,235
1950,200
1950,700
1950,145
1950,205
1950,770
1950,140
1950,850
1950,560
1950,670
1950,530
1950,225
1950,712
1950,710
1950,380
1950,651
1950,385
1950,70
1950,91
1950,90
1950,100
1950,101
1950,160
1950,94
1950,220
1950,900
1950,780
1950,395
1950,732
1950,840
1950,713
1950,630
1950,640
1950,355
1950,390
1950,645
1950,350
1950,920
1950,800
1950,375
1950,290
1951,150
1951,620
1951,155
1951,339
1951,210
1951,211
1951,450
1951,666
1951,310
1951,663
1951,315
1951,660
1951,775
1951,130
1951,750
1951,135
1951,165
1951,212
1951,230
1951,93
1951,731
1951,92
1951,20
1951,790
1951,95
1951,42
1951,40
1951,41
1951,678
1951,345
1951,2
1951,652
1951,325
1951,365
1951,360
1951,235
1951,200
1951,700
1951,145
1951,205
1951,770
1951,140
1951,850
1951,560
1951,670
1951,530
1951,225
1951,712
1951,710
1951,380
1951,651
1951,385
1951,70
1951,91
1951,90
1951,100
1951,101
1951,160
1951,94
1951,220
1951,900
1951,780
1951,395
1951,732
1951,840
1951,713
1951,630
1951,640
1951,355
1951,390
1951,645
1951,350
1951,920
1951,800
1951,375
1951,290
1952,740
1952,150
1952,620
1952,155
1952,339
1952,210
1952,211
1952,450
1952,666
1952,310
1952,663
1952,315
1952,660
1952,775
1952,130
1952,750
1952,135
1952,165
1952,212
1952,230
1952,93
1952,731
1952,92
1952,20
1952,790
1952,95
1952,42
1952,40
1952,41
1952,678
1952,345
1952,2
1952,652
1952,325
1952,365
1952,360
1952,235
1952,200
1952,700
1952,145
1952,205
1952,770
1952,140
1952,850
1952,560
1952,670
1952,530
1952,225
1952,712
1952,710
1952,380
1952,651
1952,385
1952,70
1952,91
1952,90
1952,100
1952,101
1952,160
1952,94
1952,220
1952,900
1952,780
1952,395
1952,732
1952,840
1952,713
1952,630
1952,640
1952,355
1952,390
1952,645
1952,350
1952,920
1952,800
1952,375
1952,290
1953,740
1953,150
1953,620
1953,155
1953,339
1953,210
1953,211
1953,450
1953,666
1953,310
1953,663
1953,315
1953,660
1953,775
1953,130
1953,750
1953,135
1953,165
1953,212
1953,230
1953,93
1953,731
1953,92
1953,20
1953,790
1953,95
1953,42
1953,40
1953,41
1953,678
1953,345
1953,2
1953,652
1953,325
1953,811
1953,812
1953,365
1953,360
1953,235
1953,200
1953,700
1953,145
1953,205
1953,770
1953,140
1953,850
1953,560
1953,670
1953,530
1953,225
1953,712
1953,710
1953,380
1953,651
1953,385
1953,70
1953,91
1953,90
1953,100
1953,101
1953,160
1953,94
1953,220
1953,900
1953,780
1953,395
1953,732
1953,840
1953,713
1953,630
1953,640
1953,355
1953,390
1953,645
1953,350
1953,920
1953,800
1953,375
1953,290
1954,740
1954,150
1954,620
1954,155
1954,339
1954,210
1954,211
1954,450
1954,666
1954,310
1954,663
1954,315
1954,660
1954,775
1954,130
1954,750
1954,135
1954,165
1954,212
1954,230
1954,93
1954,731
1954,92
1954,20
1954,790
1954,95
1954,42
1954,40
1954,41
1954,678
1954,345
1954,2
1954,652
1954,325
1954,811
1954,812
1954,365
1954,360
1954,817
1954,235
1954,200
1954,700
1954,145
1954,205
1954,770
1954,140
1954,850
1954,560
1954,670
1954,530
1954,225
1954,712
1954,710
1954,380
1954,651
1954,385
1954,265
1954,70
1954,91
1954,90
1954,100
1954,101
1954,160
1954,94
1954,220
1954,900
1954,780
1954,395
1954,732
1954,840
1954,713
1954,630
1954,640
1954,355
1954,390
1954,645
1954,816
1954,350
1954,920
1954,800
1954,375
1954,290
1955,740
1955,150
1955,620
1955,155
1955,339
1955,210
1955,211
1955,450
1955,666
1955,310
1955,663
1955,315
1955,660
1955,775
1955,130
1955,750
1955,135
1955,165
1955,212
1955,230
1955,93
1955,255
1955,731
1955,92
1955,20
1955,790
1955,95
1955,42
1955,40
1955,41
1955,678
1955,345
1955,2
1955,652
1955,325
1955,811
1955,812
1955,365
1955,360
1955,817
1955,235
1955,200
1955,700
1955,145
1955,205
1955,770
1955,140
1955,850
1955,300
1955,670
1955,530
1955,225
1955,712
1955,710
1955,380
1955,651
1955,385
1955,265
1955,70
1955,91
1955,90
1955,100
1955,101
1955,160
1955,94
1955,220
1955,900
1955,780
1955,395
1955,732
1955,840
1955,630
1955,713
1955,560
1955,640
1955,355
1955,390
1955,645
1955,816
1955,350
1955,920
1955,800
1955,375
1955,290
1956,212
1956,210
1956,211
1956,666
1956,663
1956,660
1956,130
1956,135
1956,90
1956,225
1956,20
1956,160
1956,345
1956,811
1956,812
1956,816
1956,817
1956,678
1956,670
1956,712
1956,710
1956,265
1956,530
1956,920
1956,375
1956,290
1956,310
1956,700
1956,315
1956,390
1956,395
1956,790
1956,365
1956,360
1956,300
1956,380
1956,385
1956,100
1956,101
1956,900
1956,780
1956,840
1956,640
1956,645
1956,620
1956,339
1956,625
1956,450
1956,255
1956,850
1956,731
1956,2
1956,652
1956,651
1956,630
1956,750
1956,560
1956,91
1956,165
1956,93
1956,92
1956,95
1956,94
1956,220
1956,740
1956,150
1956,155
1956,600
1956,235
1956,230
1956,42
1956,40
1956,41
1956,325
1956,775
1956,200
1956,145
1956,205
1956,770
1956,140
1956,713
1956,616
1956,70
1956,732
1956,355
1956,350
1956,800
1957,212
1957,210
1957,211
1957,666
1957,663
1957,660
1957,130
1957,135
1957,90
1957,225
1957,20
1957,160
1957,345
1957,811
1957,812
1957,816
1957,817
1957,678
1957,670
1957,712
1957,710
1957,265
1957,530
1957,920
1957,375
1957,820
1957,290
1957,310
1957,700
1957,315
1957,390
1957,395
1957,790
1957,365
1957,360
1957,300
1957,380
1957,385
1957,100
1957,101
1957,900
1957,780
1957,840
1957,640
1957,645
1957,620
1957,339
1957,625
1957,450
1957,452
1957,255
1957,850
1957,731
1957,2
1957,652
1957,651
1957,630
1957,750
1957,560
1957,91
1957,165
1957,93
1957,92
1957,95
1957,94
1957,220
1957,740
1957,150
1957,155
1957,600
1957,235
1957,230
1957,42
1957,40
1957,41
1957,325
1957,775
1957,200
1957,145
1957,205
1957,770
1957,140
1957,713
1957,616
1957,70
1957,732
1957,355
1957,350
1957,800
1958,212
1958,210
1958,211
1958,666
1958,663
1958,660
1958,130
1958,135
1958,90
1958,225
1958,20
1958,160
1958,345
1958,811
1958,812
1958,816
1958,817
1958,678
1958,670
1958,712
1958,710
1958,265
1958,530
1958,920
1958,375
1958,820
1958,290
1958,310
1958,700
1958,315
1958,390
1958,395
1958,790
1958,365
1958,360
1958,300
1958,380
1958,385
1958,100
1958,101
1958,900
1958,780
1958,840
1958,640
1958,645
1958,438
1958,620
1958,339
1958,625
1958,450
1958,452
1958,255
1958,850
1958,731
1958,2
1958,652
1958,651
1958,630
1958,750
1958,560
1958,91
1958,165
1958,93
1958,92
1958,95
1958,94
1958,220
1958,740
1958,150
1958,155
1958,600
1958,235
1958,230
1958,42
1958,40
1958,41
1958,325
1958,775
1958,200
1958,145
1958,205
1958,770
1958,140
1958,713
1958,616
1958,70
1958,732
1958,355
1958,350
1958,800
1959,212
1959,210
1959,211
1959,666
1959,663
1959,660
1959,130
1959,135
1959,90
1959,225
1959,20
1959,160
1959,345
1959,811
1959,812
1959,816
1959,817
1959,678
1959,670
1959,712
1959,710
1959,265
1959,530
1959,920
1959,375
1959,820
1959,290
1959,310
1959,700
1959,315
1959,390
1959,395
1959,790
1959,365
1959,360
1959,300
1959,380
1959,385
1959,100
1959,101
1959,900
1959,780
1959,840
1959,640
1959,645
1959,438
1959,620
1959,339
1959,625
1959,450
1959,452
1959,255
1959,850
1959,731
1959,2
1959,651
1959,630
1959,750
1959,560
1959,91
1959,165
1959,93
1959,92
1959,95
1959,94
1959,220
1959,740
1959,150
1959,155
1959,600
1959,235
1959,230
1959,42
1959,40
1959,41
1959,325
1959,775
1959,200
1959,145
1959,205
1959,770
1959,140
1959,713
1959,616
1959,70
1959,732
1959,355
1959,350
1959,800
1960,212
1960,210
1960,211
1960,666
1960,663
1960,660
1960,130
1960,135
1960,90
1960,490
1960,225
1960,20
1960,160
1960,345
1960,811
1960,812
1960,816
1960,817
1960,678
1960,670
1960,712
1960,710
1960,265
1960,530
1960,920
1960,375
1960,820
1960,290
1960,310
1960,700
1960,315
1960,390
1960,395
1960,790
1960,520
1960,365
1960,360
1960,580
1960,300
1960,380
1960,385
1960,100
1960,101
1960,900
1960,780
1960,840
1960,640
1960,645
1960,438
1960,439
1960,436
1960,437
1960,434
1960,435
1960,432
1960,433
1960,620
1960,339
1960,625
1960,450
1960,452
1960,255
1960,850
1960,731
1960,2
1960,651
1960,630
1960,750
1960,560
1960,461
1960,91
1960,165
1960,93
1960,92
1960,95
1960,94
1960,220
1960,740
1960,150
1960,155
1960,600
1960,235
1960,230
1960,42
1960,40
1960,41
1960,325
1960,775
1960,200
1960,145
1960,205
1960,770
1960,140
1960,713
1960,350
1960,616
1960,70
1960,484
1960,483
1960,482
1960,481
1960,732
1960,355
1960,471
1960,352
1960,475
1960,800
1961,212
1961,210
1961,211
1961,666
1961,663
1961,660
1961,130
1961,135
1961,90
1961,490
1961,225
1961,690
1961,20
1961,160
1961,345
1961,811
1961,812
1961,816
1961,817
1961,678
1961,670
1961,712
1961,710
1961,265
1961,530
1961,920
1961,437
1961,375
1961,820
1961,290
1961,310
1961,700
1961,315
1961,390
1961,395
1961,790
1961,520
1961,365
1961,360
1961,580
1961,300
1961,380
1961,385
1961,100
1961,101
1961,900
1961,780
1961,840
1961,640
1961,645
1961,438
1961,439
1961,436
1961,510
1961,434
1961,435
1961,432
1961,433
1961,620
1961,339
1961,625
1961,450
1961,451
1961,452
1961,255
1961,850
1961,731
1961,2
1961,652
1961,651
1961,630
1961,750
1961,560
1961,461
1961,91
1961,165
1961,93
1961,92
1961,95
1961,94
1961,220
1961,740
1961,150
1961,155
1961,600
1961,235
1961,230
1961,42
1961,40
1961,41
1961,325
1961,775
1961,200
1961,145
1961,205
1961,770
1961,140
1961,713
1961,350
1961,616
1961,70
1961,484
1961,483
1961,482
1961,481
1961,732
1961,355
1961,471
1961,352
1961,475
1961,800
1962,212
1962,210
1962,211
1962,666
1962,663
1962,660
1962,130
1962,135
1962,90
1962,490
1962,225
1962,690
1962,20
1962,95
1962,345
1962,811
1962,812
1962,816
1962,817
1962,678
1962,670
1962,712
1962,710
1962,265
1962,51
1962,52
1962,530
1962,920
1962,437
1962,375
1962,820
1962,290
1962,310
1962,700
1962,315
1962,390
1962,395
1962,790
1962,520
1962,365
1962,360
1962,580
1962,300
1962,380
1962,385
1962,100
1962,101
1962,900
1962,780
1962,840
1962,640
1962,645
1962,438
1962,439
1962,436
1962,510
1962,434
1962,435
1962,432
1962,433
1962,517
1962,516
1962,620
1962,339
1962,625
1962,450
1962,451
1962,452
1962,255
1962,850
1962,731
1962,2
1962,652
1962,651
1962,500
1962,630
1962,750
1962,560
1962,461
1962,91
1962,165
1962,93
1962,92
1962,160
1962,94
1962,220
1962,740
1962,150
1962,155
1962,600
1962,235
1962,230
1962,42
1962,40
1962,41
1962,325
1962,775
1962,200
1962,145
1962,205
1962,770
1962,140
1962,713
1962,350
1962,616
1962,615
1962,70
1962,484
1962,483
1962,482
1962,481
1962,732
1962,355
1962,471
1962,352
1962,475
1962,800
1963,212
1963,210
1963,211
1963,666
1963,663
1963,660
1963,130
1963,135
1963,90
1963,490
1963,225
1963,690
1963,20
1963,95
1963,345
1963,811
1963,812
1963,816
1963,817
1963,678
1963,670
1963,712
1963,710
1963,265
1963,51
1963,52
1963,530
1963,920
1963,437
1963,375
1963,820
1963,290
1963,310
1963,700
1963,315
1963,390
1963,395
1963,790
1963,520
1963,365
1963,360
1963,580
1963,300
1963,380
1963,385
1963,100
1963,101
1963,900
1963,780
1963,840
1963,640
1963,645
1963,438
1963,439
1963,511
1963,510
1963,434
1963,435
1963,432
1963,433
1963,517
1963,516
1963,620
1963,339
1963,625
1963,450
1963,451
1963,452
1963,255
1963,850
1963,731
1963,2
1963,652
1963,651
1963,500
1963,501
1963,630
1963,750
1963,560
1963,461
1963,91
1963,165
1963,93
1963,92
1963,160
1963,94
1963,220
1963,740
1963,150
1963,155
1963,600
1963,235
1963,230
1963,42
1963,40
1963,41
1963,325
1963,775
1963,200
1963,145
1963,205
1963,770
1963,140
1963,713
1963,350
1963,616
1963,615
1963,436
1963,70
1963,484
1963,483
1963,482
1963,481
1963,732
1963,355
1963,471
1963,352
1963,475
1963,800
1964,212
1964,210
1964,211
1964,666
1964,663
1964,660
1964,130
1964,135
1964,90
1964,490
1964,225
1964,690
1964,20
1964,95
1964,345
1964,811
1964,812
1964,816
1964,817
1964,678
1964,670
1964,712
1964,710
1964,265
1964,51
1964,52
1964,530
1964,920
1964,437
1964,375
1964,820
1964,290
1964,310
1964,700
1964,315
1964,390
1964,395
1964,790
1964,520
1964,365
1964,360
1964,580
1964,300
1964,380
1964,385
1964,100
1964,101
1964,900
1964,780
1964,840
1964,640
1964,645
1964,438
1964,439
1964,511
1964,510
1964,434
1964,435
1964,432
1964,433
1964,517
1964,516
1964,620
1964,339
1964,338
1964,625
1964,450
1964,451
1964,452
1964,255
1964,850
1964,731
1964,2
1964,652
1964,651
1964,500
1964,501
1964,630
1964,750
1964,560
1964,461
1964,91
1964,165
1964,93
1964,92
1964,160
1964,94
1964,220
1964,740
1964,150
1964,155
1964,600
1964,551
1964,553
1964,235
1964,230
1964,42
1964,40
1964,41
1964,325
1964,775
1964,200
1964,145
1964,205
1964,770
1964,140
1964,713
1964,350
1964,616
1964,615
1964,436
1964,70
1964,484
1964,483
1964,482
1964,481
1964,732
1964,355
1964,471
1964,352
1964,475
1964,800
1965,212
1965,210
1965,211
1965,666
1965,663
1965,660
1965,130
1965,135
1965,90
1965,490
1965,225
1965,690
1965,20
1965,95
1965,345
1965,811
1965,812
1965,816
1965,817
1965,678
1965,670
1965,712
1965,710
1965,265
1965,51
1965,52
1965,530
1965,920
1965,437
1965,375
1965,820
1965,290
1965,310
1965,700
1965,315
1965,390
1965,395
1965,830
1965,790
1965,520
1965,420
1965,365
1965,360
1965,580
1965,300
1965,380
1965,385
1965,100
1965,101
1965,900
1965,780
1965,781
1965,840
1965,640
1965,645
1965,438
1965,439
1965,436
1965,510
1965,434
1965,435
1965,432
1965,433
1965,517
1965,516
1965,620
1965,339
1965,338
1965,625
1965,450
1965,451
1965,452
1965,255
1965,850
1965,731
1965,2
1965,652
1965,651
1965,500
1965,501
1965,630
1965,750
1965,560
1965,461
1965,91
1965,165
1965,93
1965,92
1965,160
1965,94
1965,220
1965,740
1965,150
1965,155
1965,600
1965,551
1965,553
1965,552
1965,235
1965,230
1965,42
1965,40
1965,41
1965,325
1965,775
1965,200
1965,145
1965,205
1965,770
1965,140
1965,713
1965,350
1965,616
1965,615
1965,70
1965,484
1965,483
1965,482
1965,481
1965,732
1965,355
1965,471
1965,352
1965,475
1965,800
1966,212
1966,210
1966,211
1966,666
1966,663
1966,660
1966,130
1966,135
1966,90
1966,490
1966,225
1966,690
1966,20
1966,95
1966,345
1966,811
1966,812
1966,571
1966,816
1966,817
1966,678
1966,670
1966,712
1966,710
1966,265
1966,51
1966,53
1966,52
1966,530
1966,920
1966,437
1966,375
1966,820
1966,290
1966,310
1966,700
1966,315
1966,390
1966,110
1966,395
1966,830
1966,790
1966,520
1966,420
1966,365
1966,360
1966,580
1966,300
1966,380
1966,385
1966,100
1966,101
1966,900
1966,780
1966,781
1966,840
1966,640
1966,645
1966,438
1966,439
1966,436
1966,510
1966,434
1966,435
1966,432
1966,433
1966,517
1966,516
1966,620
1966,339
1966,338
1966,625
1966,450
1966,451
1966,452
1966,570
1966,255
1966,850
1966,731
1966,2
1966,652
1966,651
1966,500
1966,501
1966,630
1966,750
1966,560
1966,461
1966,91
1966,165
1966,93
1966,92
1966,160
1966,94
1966,220
1966,740
1966,150
1966,155
1966,600
1966,551
1966,553
1966,552
1966,235
1966,230
1966,42
1966,40
1966,41
1966,325
1966,775
1966,200
1966,145
1966,205
1966,770
1966,140
1966,713
1966,350
1966,616
1966,615
1966,70
1966,484
1966,483
1966,482
1966,481
1966,732
1966,355
1966,471
1966,352
1966,475
1966,800
1967,212
1967,210
1967,211
1967,666
1967,663
1967,660
1967,130
1967,135
1967,90
1967,490
1967,225
1967,690
1967,20
1967,95
1967,345
1967,811
1967,812
1967,571
1967,816
1967,817
1967,678
1967,670
1967,712
1967,710
1967,265
1967,51
1967,53
1967,52
1967,530
1967,920
1967,437
1967,375
1967,820
1967,290
1967,310
1967,700
1967,315
1967,390
1967,110
1967,395
1967,830
1967,790
1967,520
1967,420
1967,365
1967,360
1967,580
1967,300
1967,380
1967,385
1967,100
1967,101
1967,900
1967,780
1967,781
1967,840
1967,640
1967,645
1967,438
1967,439
1967,436
1967,510
1967,434
1967,435
1967,432
1967,433
1967,517
1967,516
1967,620
1967,339
1967,338
1967,625
1967,450
1967,451
1967,452
1967,570
1967,255
1967,850
1967,731
1967,2
1967,652
1967,651
1967,500
1967,501
1967,630
1967,750
1967,560
1967,461
1967,91
1967,165
1967,93
1967,92
1967,160
1967,94
1967,220
1967,740
1967,150
1967,155
1967,600
1967,551
1967,553
1967,552
1967,235
1967,230
1967,42
1967,40
1967,41
1967,325
1967,775
1967,200
1967,145
1967,205
1967,770
1967,140
1967,713
1967,350
1967,616
1967,615
1967,70
1967,484
1967,483
1967,482
1967,481
1967,732
1967,355
1967,471
1967,352
1967,475
1967,800
1967,680
1968,212
1968,210
1968,211
1968,666
1968,663
1968,660
1968,130
1968,135
1968,90
1968,490
1968,225
1968,690
1968,20
1968,95
1968,345
1968,572
1968,811
1968,812
1968,571
1968,816
1968,817
1968,678
1968,670
1968,712
1968,710
1968,265
1968,51
1968,53
1968,52
1968,411
1968,530
1968,920
1968,437
1968,375
1968,820
1968,290
1968,590
1968,310
1968,700
1968,315
1968,390
1968,110
1968,395
1968,830
1968,790
1968,520
1968,420
1968,365
1968,360
1968,580
1968,300
1968,380
1968,385
1968,100
1968,101
1968,900
1968,780
1968,781
1968,840
1968,640
1968,645
1968,438
1968,439
1968,436
1968,510
1968,434
1968,435
1968,432
1968,433
1968,517
1968,516
1968,620
1968,339
1968,338
1968,625
1968,450
1968,451
1968,452
1968,570
1968,255
1968,850
1968,731
1968,2
1968,652
1968,651
1968,500
1968,501
1968,630
1968,750
1968,560
1968,461
1968,91
1968,165
1968,93
1968,92
1968,160
1968,94
1968,220
1968,740
1968,150
1968,155
1968,600
1968,551
1968,553
1968,552
1968,235
1968,230
1968,42
1968,40
1968,41
1968,325
1968,775
1968,200
1968,145
1968,205
1968,770
1968,140
1968,713
1968,350
1968,616
1968,615
1968,70
1968,484
1968,483
1968,482
1968,481
1968,732
1968,355
1968,471
1968,352
1968,475
1968,800
1968,680
1969,212
1969,210
1969,211
1969,666
1969,663
1969,660
1969,130
1969,135
1969,90
1969,490
1969,225
1969,690
1969,20
1969,95
1969,345
1969,572
1969,811
1969,812
1969,571
1969,816
1969,817
1969,678
1969,670
1969,712
1969,710
1969,265
1969,51
1969,53
1969,52
1969,411
1969,530
1969,920
1969,437
1969,375
1969,820
1969,290
1969,590
1969,310
1969,700
1969,315
1969,390
1969,110
1969,395
1969,830
1969,790
1969,520
1969,420
1969,365
1969,360
1969,580
1969,300
1969,380
1969,385
1969,100
1969,101
1969,900
1969,780
1969,781
1969,840
1969,640
1969,645
1969,438
1969,439
1969,436
1969,510
1969,434
1969,435
1969,432
1969,433
1969,517
1969,516
1969,620
1969,339
1969,338
1969,625
1969,450
1969,451
1969,452
1969,570
1969,255
1969,850
1969,731
1969,2
1969,652
1969,651
1969,500
1969,501
1969,630
1969,750
1969,560
1969,461
1969,91
1969,165
1969,93
1969,92
1969,160
1969,94
1969,220
1969,740
1969,150
1969,155
1969,600
1969,551
1969,553
1969,552
1969,235
1969,230
1969,42
1969,40
1969,41
1969,325
1969,775
1969,200
1969,145
1969,205
1969,770
1969,140
1969,713
1969,350
1969,616
1969,615
1969,70
1969,484
1969,483
1969,482
1969,481
1969,732
1969,355
1969,471
1969,352
1969,475
1969,800
1969,680
1970,212
1970,210
1970,211
1970,666
1970,663
1970,660
1970,130
1970,135
1970,90
1970,490
1970,225
1970,690
1970,20
1970,95
1970,345
1970,572
1970,811
1970,812
1970,571
1970,816
1970,817
1970,678
1970,670
1970,712
1970,710
1970,265
1970,51
1970,53
1970,52
1970,411
1970,530
1970,920
1970,437
1970,375
1970,820
1970,290
1970,590
1970,310
1970,700
1970,315
1970,390
1970,110
1970,395
1970,830
1970,790
1970,520
1970,420
1970,365
1970,360
1970,580
1970,300
1970,380
1970,385
1970,100
1970,101
1970,900
1970,780
1970,781
1970,840
1970,640
1970,645
1970,438
1970,439
1970,436
1970,510
1970,434
1970,435
1970,432
1970,433
1970,517
1970,516
1970,620
1970,339
1970,338
1970,625
1970,450
1970,451
1970,452
1970,570
1970,255
1970,850
1970,731
1970,2
1970,652
1970,651
1970,500
1970,501
1970,630
1970,750
1970,560
1970,461
1970,91
1970,165
1970,93
1970,92
1970,160
1970,94
1970,220
1970,740
1970,150
1970,155
1970,600
1970,551
1970,553
1970,552
1970,235
1970,230
1970,950
1970,42
1970,40
1970,41
1970,325
1970,775
1970,200
1970,145
1970,205
1970,770
1970,140
1970,713
1970,350
1970,616
1970,615
1970,70
1970,484
1970,483
1970,482
1970,481
1970,732
1970,355
1970,471
1970,352
1970,475
1970,800
1970,680
1971,212
1971,210
1971,211
1971,666
1971,760
1971,663
1971,660
1971,130
1971,135
1971,90
1971,490
1971,225
1971,692
1971,690
1971,20
1971,694
1971,95
1971,698
1971,345
1971,572
1971,811
1971,812
1971,571
1971,816
1971,817
1971,678
1971,670
1971,712
1971,710
1971,265
1971,51
1971,53
1971,52
1971,411
1971,530
1971,920
1971,437
1971,375
1971,820
1971,290
1971,590
1971,310
1971,700
1971,315
1971,390
1971,110
1971,395
1971,830
1971,790
1971,520
1971,420
1971,365
1971,360
1971,580
1971,300
1971,380
1971,385
1971,696
1971,100
1971,101
1971,900
1971,780
1971,781
1971,840
1971,640
1971,645
1971,438
1971,439
1971,436
1971,510
1971,434
1971,435
1971,432
1971,433
1971,517
1971,516
1971,620
1971,339
1971,338
1971,625
1971,450
1971,451
1971,452
1971,570
1971,255
1971,850
1971,731
1971,2
1971,652
1971,651
1971,500
1971,501
1971,630
1971,750
1971,560
1971,461
1971,91
1971,165
1971,93
1971,92
1971,160
1971,94
1971,220
1971,740
1971,150
1971,155
1971,600
1971,551
1971,553
1971,552
1971,235
1971,230
1971,950
1971,42
1971,40
1971,41
1971,325
1971,775
1971,200
1971,145
1971,205
1971,770
1971,140
1971,713
1971,350
1971,616
1971,615
1971,70
1971,484
1971,483
1971,482
1971,481
1971,732
1971,355
1971,471
1971,352
1971,475
1971,800
1971,680
1972,212
1972,210
1972,211
1972,666
1972,760
1972,663
1972,660
1972,130
1972,135
1972,90
1972,490
1972,225
1972,692
1972,690
1972,20
1972,694
1972,95
1972,698
1972,345
1972,572
1972,811
1972,812
1972,571
1972,816
1972,817
1972,678
1972,670
1972,712
1972,710
1972,265
1972,51
1972,53
1972,52
1972,411
1972,530
1972,920
1972,437
1972,375
1972,820
1972,290
1972,590
1972,310
1972,700
1972,315
1972,390
1972,110
1972,395
1972,771
1972,830
1972,790
1972,520
1972,420
1972,365
1972,360
1972,580
1972,300
1972,380
1972,385
1972,696
1972,100
1972,101
1972,900
1972,780
1972,781
1972,840
1972,640
1972,645
1972,438
1972,439
1972,436
1972,510
1972,434
1972,435
1972,432
1972,433
1972,517
1972,516
1972,620
1972,339
1972,338
1972,625
1972,450
1972,451
1972,452
1972,570
1972,255
1972,850
1972,731
1972,2
1972,652
1972,651
1972,500
1972,501
1972,630
1972,750
1972,560
1972,461
1972,91
1972,165
1972,93
1972,92
1972,160
1972,94
1972,220
1972,740
1972,150
1972,155
1972,600
1972,551
1972,553
1972,552
1972,235
1972,230
1972,950
1972,42
1972,40
1972,41
1972,325
1972,775
1972,200
1972,145
1972,205
1972,770
1972,140
1972,713
1972,350
1972,616
1972,615
1972,70
1972,484
1972,483
1972,482
1972,481
1972,732
1972,355
1972,471
1972,352
1972,475
1972,800
1972,680
1973,212
1973,210
1973,211
1973,666
1973,760
1973,663
1973,660
1973,130
1973,135
1973,90
1973,490
1973,225
1973,692
1973,690
1973,20
1973,694
1973,95
1973,698
1973,345
1973,572
1973,811
1973,812
1973,571
1973,816
1973,817
1973,678
1973,670
1973,712
1973,710
1973,265
1973,51
1973,53
1973,52
1973,411
1973,530
1973,920
1973,437
1973,375
1973,820
1973,290
1973,590
1973,310
1973,700
1973,315
1973,390
1973,110
1973,395
1973,771
1973,830
1973,790
1973,520
1973,420
1973,365
1973,360
1973,580
1973,300
1973,380
1973,385
1973,696
1973,100
1973,101
1973,900
1973,780
1973,781
1973,840
1973,31
1973,640
1973,645
1973,438
1973,439
1973,436
1973,510
1973,434
1973,435
1973,432
1973,433
1973,517
1973,516
1973,620
1973,339
1973,338
1973,625
1973,450
1973,451
1973,452
1973,570
1973,255
1973,850
1973,731
1973,2
1973,652
1973,651
1973,500
1973,501
1973,630
1973,750
1973,560
1973,461
1973,91
1973,165
1973,93
1973,92
1973,160
1973,94
1973,220
1973,740
1973,150
1973,155
1973,600
1973,551
1973,553
1973,552
1973,235
1973,230
1973,950
1973,42
1973,40
1973,41
1973,325
1973,775
1973,200
1973,145
1973,205
1973,770
1973,140
1973,713
1973,350
1973,616
1973,615
1973,70
1973,484
1973,483
1973,482
1973,481
1973,732
1973,355
1973,471
1973,352
1973,475
1973,800
1973,680
1974,212
1974,210
1974,211
1974,666
1974,760
1974,663
1974,660
1974,130
1974,135
1974,90
1974,490
1974,225
1974,692
1974,690
1974,20
1974,694
1974,95
1974,698
1974,345
1974,404
1974,572
1974,811
1974,812
1974,571
1974,816
1974,817
1974,678
1974,670
1974,712
1974,710
1974,265
1974,55
1974,51
1974,53
1974,52
1974,411
1974,530
1974,920
1974,437
1974,375
1974,820
1974,290
1974,590
1974,310
1974,700
1974,315
1974,390
1974,110
1974,395
1974,771
1974,830
1974,790
1974,520
1974,420
1974,365
1974,360
1974,580
1974,300
1974,380
1974,385
1974,696
1974,100
1974,101
1974,900
1974,780
1974,781
1974,840
1974,31
1974,640
1974,645
1974,438
1974,439
1974,436
1974,510
1974,434
1974,435
1974,432
1974,433
1974,517
1974,516
1974,620
1974,339
1974,338
1974,625
1974,450
1974,451
1974,452
1974,570
1974,255
1974,850
1974,731
1974,2
1974,652
1974,651
1974,500
1974,501
1974,630
1974,750
1974,560
1974,461
1974,91
1974,165
1974,93
1974,92
1974,160
1974,94
1974,220
1974,740
1974,150
1974,155
1974,600
1974,551
1974,553
1974,552
1974,235
1974,230
1974,950
1974,42
1974,40
1974,41
1974,325
1974,775
1974,200
1974,145
1974,205
1974,770
1974,140
1974,713
1974,350
1974,616
1974,615
1974,70
1974,484
1974,483
1974,482
1974,481
1974,732
1974,355
1974,471
1974,352
1974,475
1974,800
1974,680
1975,212
1975,210
1975,211
1975,666
1975,760
1975,663
1975,660
1975,130
1975,135
1975,90
1975,490
1975,225
1975,692
1975,690
1975,20
1975,694
1975,95
1975,698
1975,345
1975,540
1975,404
1975,403
1975,402
1975,572
1975,811
1975,812
1975,571
1975,816
1975,817
1975,678
1975,670
1975,712
1975,710
1975,265
1975,55
1975,51
1975,53
1975,52
1975,411
1975,530
1975,920
1975,437
1975,375
1975,820
1975,290
1975,590
1975,310
1975,700
1975,315
1975,115
1975,390
1975,110
1975,395
1975,771
1975,830
1975,790
1975,520
1975,420
1975,365
1975,910
1975,360
1975,580
1975,581
1975,300
1975,380
1975,385
1975,696
1975,100
1975,101
1975,900
1975,780
1975,781
1975,840
1975,31
1975,640
1975,645
1975,438
1975,439
1975,436
1975,510
1975,434
1975,435
1975,432
1975,433
1975,517
1975,516
1975,620
1975,339
1975,338
1975,625
1975,450
1975,451
1975,452
1975,570
1975,255
1975,541
1975,850
1975,731
1975,2
1975,652
1975,651
1975,500
1975,501
1975,630
1975,750
1975,560
1975,461
1975,91
1975,165
1975,93
1975,92
1975,160
1975,94
1975,220
1975,740
1975,150
1975,155
1975,600
1975,551
1975,553
1975,552
1975,235
1975,230
1975,950
1975,42
1975,40
1975,41
1975,325
1975,775
1975,200
1975,145
1975,205
1975,770
1975,140
1975,713
1975,350
1975,616
1975,615
1975,70
1975,484
1975,483
1975,482
1975,481
1975,732
1975,355
1975,471
1975,352
1975,475
1975,800
1975,680
1976,212
1976,210
1976,211
1976,666
1976,760
1976,663
1976,660
1976,130
1976,135
1976,90
1976,490
1976,225
1976,692
1976,690
1976,20
1976,694
1976,95
1976,698
1976,345
1976,540
1976,404
1976,403
1976,402
1976,572
1976,811
1976,812
1976,571
1976,816
1976,678
1976,990
1976,670
1976,712
1976,710
1976,265
1976,55
1976,51
1976,53
1976,52
1976,411
1976,530
1976,920
1976,437
1976,375
1976,820
1976,290
1976,591
1976,590
1976,310
1976,700
1976,315
1976,115
1976,390
1976,110
1976,395
1976,771
1976,830
1976,790
1976,520
1976,420
1976,365
1976,910
1976,360
1976,580
1976,581
1976,300
1976,380
1976,385
1976,696
1976,100
1976,101
1976,900
1976,780
1976,781
1976,840
1976,31
1976,640
1976,645
1976,438
1976,439
1976,436
1976,510
1976,434
1976,435
1976,432
1976,433
1976,517
1976,516
1976,620
1976,339
1976,338
1976,625
1976,450
1976,451
1976,452
1976,570
1976,255
1976,541
1976,850
1976,731
1976,2
1976,652
1976,651
1976,500
1976,501
1976,630
1976,750
1976,560
1976,461
1976,91
1976,165
1976,93
1976,92
1976,160
1976,94
1976,220
1976,740
1976,150
1976,155
1976,600
1976,551
1976,553
1976,552
1976,235
1976,230
1976,950
1976,42
1976,40
1976,41
1976,325
1976,775
1976,200
1976,145
1976,205
1976,770
1976,140
1976,713
1976,350
1976,616
1976,615
1976,70
1976,484
1976,483
1976,482
1976,481
1976,732
1976,355
1976,471
1976,352
1976,475
1976,800
1976,680
1977,212
1977,210
1977,211
1977,666
1977,760
1977,663
1977,660
1977,130
1977,135
1977,90
1977,490
1977,225
1977,692
1977,690
1977,20
1977,694
1977,95
1977,698
1977,345
1977,540
1977,404
1977,403
1977,402
1977,572
1977,811
1977,812
1977,571
1977,816
1977,678
1977,990
1977,670
1977,712
1977,710
1977,265
1977,55
1977,51
1977,53
1977,52
1977,411
1977,530
1977,920
1977,437
1977,375
1977,820
1977,290
1977,591
1977,590
1977,310
1977,700
1977,315
1977,115
1977,390
1977,110
1977,395
1977,771
1977,830
1977,790
1977,520
1977,522
1977,420
1977,365
1977,910
1977,360
1977,580
1977,581
1977,300
1977,380
1977,385
1977,696
1977,100
1977,101
1977,900
1977,780
1977,781
1977,840
1977,31
1977,640
1977,645
1977,438
1977,439
1977,436
1977,510
1977,434
1977,435
1977,432
1977,433
1977,517
1977,516
1977,620
1977,339
1977,338
1977,625
1977,450
1977,451
1977,452
1977,570
1977,255
1977,541
1977,850
1977,731
1977,2
1977,652
1977,651
1977,500
1977,501
1977,630
1977,750
1977,560
1977,461
1977,91
1977,165
1977,93
1977,92
1977,160
1977,94
1977,220
1977,740
1977,150
1977,155
1977,600
1977,551
1977,553
1977,552
1977,235
1977,230
1977,950
1977,42
1977,40
1977,41
1977,325
1977,775
1977,200
1977,145
1977,205
1977,770
1977,140
1977,713
1977,350
1977,616
1977,615
1977,70
1977,484
1977,483
1977,482
1977,481
1977,732
1977,355
1977,471
1977,352
1977,475
1977,800
1977,680
1978,212
1978,210
1978,211
1978,666
1978,760
1978,663
1978,660
1978,130
1978,135
1978,90
1978,490
1978,225
1978,692
1978,690
1978,20
1978,694
1978,95
1978,698
1978,345
1978,540
1978,404
1978,403
1978,402
1978,572
1978,811
1978,812
1978,571
1978,816
1978,678
1978,990
1978,670
1978,712
1978,710
1978,265
1978,55
1978,54
1978,51
1978,53
1978,52
1978,411
1978,530
1978,920
1978,437
1978,375
1978,820
1978,290
1978,591
1978,590
1978,310
1978,700
1978,315
1978,115
1978,390
1978,110
1978,395
1978,771
1978,830
1978,790
1978,520
1978,522
1978,420
1978,365
1978,910
1978,360
1978,580
1978,581
1978,300
1978,380
1978,385
1978,696
1978,100
1978,101
1978,900
1978,780
1978,781
1978,840
1978,31
1978,640
1978,645
1978,438
1978,439
1978,436
1978,510
1978,434
1978,435
1978,432
1978,433
1978,517
1978,516
1978,620
1978,339
1978,338
1978,625
1978,450
1978,451
1978,452
1978,570
1978,255
1978,541
1978,850
1978,731
1978,2
1978,652
1978,651
1978,500
1978,501
1978,630
1978,750
1978,560
1978,461
1978,91
1978,165
1978,93
1978,92
1978,160
1978,94
1978,220
1978,740
1978,150
1978,155
1978,600
1978,551
1978,553
1978,552
1978,235
1978,230
1978,950
1978,42
1978,40
1978,41
1978,325
1978,775
1978,200
1978,145
1978,205
1978,770
1978,140
1978,713
1978,350
1978,616
1978,615
1978,70
1978,484
1978,483
1978,482
1978,481
1978,732
1978,940
1978,355
1978,471
1978,352
1978,475
1978,800
1978,680
1979,212
1979,210
1979,211
1979,666
1979,760
1979,663
1979,660
1979,130
1979,135
1979,90
1979,490
1979,225
1979,692
1979,690
1979,20
1979,694
1979,95
1979,698
1979,345
1979,540
1979,404
1979,403
1979,402
1979,572
1979,811
1979,812
1979,571
1979,816
1979,678
1979,990
1979,670
1979,712
1979,710
1979,265
1979,55
1979,54
1979,57
1979,56
1979,51
1979,53
1979,52
1979,411
1979,530
1979,920
1979,375
1979,820
1979,290
1979,591
1979,590
1979,310
1979,700
1979,315
1979,115
1979,390
1979,110
1979,395
1979,771
1979,830
1979,790
1979,520
1979,522
1979,420
1979,365
1979,910
1979,360
1979,580
1979,581
1979,300
1979,380
1979,385
1979,696
1979,100
1979,101
1979,900
1979,780
1979,781
1979,840
1979,31
1979,640
1979,645
1979,438
1979,439
1979,436
1979,437
1979,434
1979,435
1979,432
1979,433
1979,517
1979,516
1979,620
1979,339
1979,338
1979,625
1979,450
1979,451
1979,452
1979,570
1979,255
1979,541
1979,850
1979,731
1979,2
1979,652
1979,651
1979,500
1979,501
1979,630
1979,510
1979,750
1979,560
1979,461
1979,91
1979,165
1979,93
1979,92
1979,160
1979,94
1979,220
1979,740
1979,150
1979,155
1979,600
1979,551
1979,553
1979,552
1979,235
1979,230
1979,950
1979,42
1979,40
1979,41
1979,325
1979,775
1979,200
1979,145
1979,205
1979,770
1979,140
1979,713
1979,350
1979,616
1979,615
1979,70
1979,484
1979,483
1979,482
1979,481
1979,732
1979,940
1979,355
1979,471
1979,352
1979,475
1979,800
1979,680
1980,212
1980,210
1980,211
1980,666
1980,760
1980,663
1980,660
1980,130
1980,135
1980,90
1980,490
1980,225
1980,692
1980,690
1980,20
1980,694
1980,95
1980,698
1980,345
1980,540
1980,404
1980,403
1980,402
1980,572
1980,811
1980,812
1980,571
1980,816
1980,678
1980,990
1980,670
1980,712
1980,710
1980,265
1980,55
1980,54
1980,57
1980,56
1980,51
1980,53
1980,52
1980,411
1980,530
1980,920
1980,375
1980,820
1980,290
1980,591
1980,590
1980,310
1980,700
1980,315
1980,115
1980,390
1980,110
1980,395
1980,771
1980,830
1980,790
1980,520
1980,522
1980,420
1980,365
1980,910
1980,360
1980,580
1980,581
1980,300
1980,380
1980,385
1980,696
1980,100
1980,101
1980,900
1980,780
1980,781
1980,840
1980,31
1980,640
1980,645
1980,438
1980,439
1980,436
1980,437
1980,434
1980,435
1980,432
1980,433
1980,517
1980,516
1980,620
1980,339
1980,338
1980,625
1980,450
1980,451
1980,452
1980,570
1980,255
1980,541
1980,850
1980,731
1980,2
1980,652
1980,651
1980,500
1980,501
1980,630
1980,510
1980,750
1980,560
1980,461
1980,91
1980,165
1980,93
1980,92
1980,160
1980,94
1980,220
1980,740
1980,150
1980,155
1980,600
1980,551
1980,553
1980,552
1980,235
1980,230
1980,950
1980,42
1980,40
1980,41
1980,325
1980,775
1980,200
1980,145
1980,205
1980,770
1980,140
1980,713
1980,350
1980,616
1980,615
1980,70
1980,484
1980,483
1980,482
1980,481
1980,732
1980,940
1980,355
1980,471
1980,352
1980,475
1980,800
1980,680
1981,212
1981,210
1981,211
1981,666
1981,760
1981,663
1981,660
1981,130
1981,135
1981,90
1981,490
1981,93
1981,692
1981,690
1981,20
1981,694
1981,95
1981,698
1981,345
1981,540
1981,404
1981,403
1981,402
1981,572
1981,811
1981,812
1981,571
1981,816
1981,678
1981,990
1981,670
1981,712
1981,710
1981,265
1981,58
1981,55
1981,54
1981,57
1981,56
1981,51
1981,53
1981,52
1981,411
1981,530
1981,920
1981,375
1981,820
1981,290
1981,591
1981,590
1981,310
1981,700
1981,315
1981,115
1981,390
1981,110
1981,395
1981,771
1981,80
1981,830
1981,790
1981,520
1981,522
1981,420
1981,365
1981,910
1981,360
1981,580
1981,581
1981,300
1981,380
1981,385
1981,696
1981,100
1981,101
1981,900
1981,780
1981,781
1981,840
1981,31
1981,640
1981,645
1981,438
1981,439
1981,436
1981,437
1981,434
1981,435
1981,432
1981,433
1981,517
1981,516
1981,620
1981,339
1981,338
1981,625
1981,450
1981,451
1981,452
1981,570
1981,255
1981,541
1981,850
1981,731
1981,2
1981,652
1981,651
1981,500
1981,501
1981,630
1981,510
1981,750
1981,560
1981,461
1981,91
1981,165
1981,225
1981,92
1981,160
1981,94
1981,220
1981,935
1981,740
1981,150
1981,155
1981,600
1981,551
1981,553
1981,552
1981,235
1981,230
1981,950
1981,42
1981,40
1981,41
1981,325
1981,775
1981,200
1981,145
1981,205
1981,770
1981,140
1981,713
1981,350
1981,616
1981,615
1981,70
1981,484
1981,483
1981,482
1981,481
1981,732
1981,940
1981,355
1981,471
1981,352
1981,475
1981,800
1981,680
1982,212
1982,210
1982,211
1982,666
1982,760
1982,663
1982,660
1982,130
1982,135
1982,90
1982,490
1982,93
1982,692
1982,690
1982,20
1982,694
1982,95
1982,698
1982,345
1982,540
1982,404
1982,403
1982,402
1982,572
1982,811
1982,812
1982,571
1982,816
1982,678
1982,990
1982,670
1982,712
1982,710
1982,265
1982,58
1982,55
1982,54
1982,57
1982,56
1982,51
1982,53
1982,52
1982,411
1982,530
1982,920
1982,375
1982,820
1982,290
1982,591
1982,590
1982,310
1982,700
1982,315
1982,115
1982,390
1982,110
1982,395
1982,771
1982,80
1982,830
1982,790
1982,520
1982,522
1982,420
1982,365
1982,910
1982,360
1982,580
1982,581
1982,300
1982,380
1982,385
1982,696
1982,100
1982,101
1982,900
1982,780
1982,781
1982,840
1982,31
1982,640
1982,645
1982,438
1982,439
1982,436
1982,437
1982,434
1982,435
1982,432
1982,433
1982,517
1982,516
1982,620
1982,339
1982,338
1982,625
1982,450
1982,451
1982,452
1982,570
1982,255
1982,541
1982,850
1982,731
1982,2
1982,652
1982,651
1982,500
1982,501
1982,630
1982,510
1982,750
1982,560
1982,461
1982,91
1982,165
1982,225
1982,92
1982,160
1982,94
1982,220
1982,935
1982,740
1982,150
1982,155
1982,600
1982,551
1982,553
1982,552
1982,235
1982,230
1982,950
1982,42
1982,40
1982,41
1982,325
1982,775
1982,200
1982,145
1982,205
1982,770
1982,140
1982,713
1982,350
1982,616
1982,615
1982,70
1982,484
1982,483
1982,482
1982,481
1982,732
1982,940
1982,355
1982,471
1982,352
1982,475
1982,800
1982,680
1983,212
1983,210
1983,211
1983,666
1983,760
1983,663
1983,660
1983,130
1983,135
1983,90
1983,490
1983,93
1983,692
1983,690
1983,20
1983,694
1983,95
1983,698
1983,345
1983,540
1983,404
1983,403
1983,402
1983,572
1983,811
1983,812
1983,571
1983,816
1983,678
1983,990
1983,670
1983,712
1983,710
1983,265
1983,58
1983,55
1983,54
1983,57
1983,56
1983,51
1983,53
1983,52
1983,411
1983,530
1983,920
1983,375
1983,820
1983,290
1983,591
1983,590
1983,310
1983,700
1983,315
1983,115
1983,390
1983,110
1983,395
1983,771
1983,80
1983,830
1983,790
1983,520
1983,522
1983,420
1983,365
1983,910
1983,360
1983,580
1983,581
1983,300
1983,380
1983,385
1983,696
1983,100
1983,101
1983,900
1983,780
1983,781
1983,840
1983,31
1983,640
1983,645
1983,438
1983,439
1983,436
1983,437
1983,434
1983,435
1983,432
1983,433
1983,517
1983,516
1983,620
1983,339
1983,338
1983,625
1983,450
1983,451
1983,452
1983,570
1983,60
1983,255
1983,541
1983,850
1983,731
1983,2
1983,652
1983,651
1983,500
1983,501
1983,630
1983,510
1983,750
1983,560
1983,461
1983,91
1983,165
1983,225
1983,92
1983,160
1983,94
1983,220
1983,935
1983,740
1983,150
1983,155
1983,600
1983,551
1983,553
1983,552
1983,235
1983,230
1983,950
1983,42
1983,40
1983,41
1983,325
1983,775
1983,200
1983,145
1983,205
1983,770
1983,140
1983,713
1983,350
1983,616
1983,615
1983,70
1983,484
1983,483
1983,482
1983,481
1983,732
1983,940
1983,355
1983,471
1983,352
1983,475
1983,800
1983,680
1984,212
1984,210
1984,211
1984,666
1984,760
1984,663
1984,660
1984,130
1984,135
1984,90
1984,490
1984,93
1984,692
1984,690
1984,20
1984,694
1984,95
1984,698
1984,345
1984,540
1984,404
1984,403
1984,402
1984,572
1984,811
1984,812
1984,571
1984,816
1984,678
1984,990
1984,670
1984,712
1984,710
1984,265
1984,58
1984,55
1984,54
1984,57
1984,56
1984,51
1984,53
1984,52
1984,411
1984,530
1984,920
1984,375
1984,820
1984,290
1984,591
1984,590
1984,310
1984,700
1984,315
1984,115
1984,390
1984,110
1984,395
1984,771
1984,80
1984,830
1984,790
1984,520
1984,522
1984,420
1984,365
1984,910
1984,360
1984,580
1984,581
1984,300
1984,380
1984,385
1984,696
1984,100
1984,101
1984,900
1984,780
1984,781
1984,840
1984,31
1984,640
1984,645
1984,438
1984,439
1984,436
1984,437
1984,434
1984,435
1984,432
1984,433
1984,517
1984,516
1984,620
1984,339
1984,338
1984,625
1984,450
1984,451
1984,452
1984,570
1984,60
1984,255
1984,541
1984,850
1984,731
1984,2
1984,652
1984,651
1984,500
1984,501
1984,630
1984,510
1984,750
1984,560
1984,461
1984,91
1984,165
1984,225
1984,92
1984,160
1984,94
1984,220
1984,935
1984,740
1984,150
1984,155
1984,600
1984,551
1984,553
1984,552
1984,235
1984,230
1984,950
1984,42
1984,40
1984,41
1984,325
1984,775
1984,200
1984,145
1984,205
1984,770
1984,140
1984,713
1984,350
1984,616
1984,615
1984,70
1984,484
1984,483
1984,482
1984,481
1984,732
1984,835
1984,940
1984,355
1984,471
1984,352
1984,475
1984,800
1984,680
1985,212
1985,210
1985,211
1985,666
1985,760
1985,663
1985,660
1985,130
1985,135
1985,90
1985,490
1985,93
1985,692
1985,690
1985,20
1985,694
1985,95
1985,698
1985,345
1985,540
1985,404
1985,403
1985,402
1985,572
1985,811
1985,812
1985,571
1985,816
1985,678
1985,990
1985,670
1985,712
1985,710
1985,265
1985,58
1985,55
1985,54
1985,57
1985,56
1985,51
1985,53
1985,52
1985,411
1985,530
1985,920
1985,375
1985,820
1985,290
1985,591
1985,590
1985,310
1985,700
1985,315
1985,115
1985,390
1985,110
1985,395
1985,771
1985,80
1985,830
1985,790
1985,520
1985,522
1985,420
1985,365
1985,910
1985,360
1985,580
1985,581
1985,300
1985,380
1985,385
1985,696
1985,100
1985,101
1985,900
1985,780
1985,781
1985,840
1985,31
1985,640
1985,645
1985,438
1985,439
1985,436
1985,437
1985,434
1985,435
1985,432
1985,433
1985,517
1985,516
1985,620
1985,339
1985,338
1985,625
1985,450
1985,451
1985,452
1985,570
1985,60
1985,255
1985,541
1985,850
1985,731
1985,2
1985,652
1985,651
1985,500
1985,501
1985,630
1985,510
1985,750
1985,560
1985,461
1985,91
1985,165
1985,225
1985,92
1985,160
1985,94
1985,220
1985,935
1985,740
1985,150
1985,155
1985,600
1985,551
1985,553
1985,552
1985,235
1985,230
1985,950
1985,42
1985,40
1985,41
1985,325
1985,775
1985,200
1985,145
1985,205
1985,770
1985,140
1985,713
1985,350
1985,616
1985,615
1985,70
1985,484
1985,483
1985,482
1985,481
1985,732
1985,835
1985,940
1985,355
1985,471
1985,352
1985,475
1985,800
1985,680
1986,212
1986,210
1986,211
1986,666
1986,760
1986,663
1986,660
1986,130
1986,135
1986,90
1986,490
1986,93
1986,692
1986,690
1986,20
1986,694
1986,95
1986,698
1986,345
1986,540
1986,404
1986,403
1986,402
1986,572
1986,811
1986,812
1986,571
1986,816
1986,678
1986,990
1986,670
1986,712
1986,710
1986,265
1986,58
1986,55
1986,54
1986,57
1986,56
1986,51
1986,53
1986,52
1986,411
1986,530
1986,920
1986,375
1986,820
1986,290
1986,591
1986,590
1986,310
1986,700
1986,315
1986,115
1986,390
1986,110
1986,395
1986,771
1986,80
1986,830
1986,790
1986,520
1986,522
1986,420
1986,365
1986,910
1986,360
1986,580
1986,581
1986,300
1986,380
1986,385
1986,696
1986,100
1986,101
1986,900
1986,780
1986,781
1986,840
1986,31
1986,640
1986,645
1986,438
1986,439
1986,436
1986,437
1986,434
1986,435
1986,432
1986,433
1986,517
1986,516
1986,620
1986,339
1986,338
1986,625
1986,450
1986,451
1986,452
1986,570
1986,60
1986,255
1986,541
1986,850
1986,731
1986,2
1986,652
1986,651
1986,500
1986,501
1986,630
1986,510
1986,750
1986,560
1986,461
1986,91
1986,165
1986,225
1986,92
1986,160
1986,94
1986,220
1986,935
1986,740
1986,150
1986,155
1986,600
1986,551
1986,553
1986,552
1986,235
1986,230
1986,950
1986,42
1986,40
1986,41
1986,325
1986,775
1986,200
1986,145
1986,205
1986,770
1986,140
1986,713
1986,350
1986,616
1986,615
1986,70
1986,484
1986,483
1986,482
1986,481
1986,732
1986,835
1986,940
1986,355
1986,471
1986,352
1986,475
1986,800
1986,680
1987,212
1987,210
1987,211
1987,666
1987,760
1987,663
1987,660
1987,130
1987,135
1987,90
1987,490
1987,93
1987,692
1987,690
1987,20
1987,694
1987,95
1987,698
1987,345
1987,540
1987,404
1987,403
1987,402
1987,572
1987,811
1987,812
1987,571
1987,816
1987,678
1987,990
1987,670
1987,712
1987,710
1987,265
1987,58
1987,55
1987,54
1987,57
1987,56
1987,51
1987,53
1987,52
1987,411
1987,530
1987,920
1987,375
1987,820
1987,290
1987,591
1987,590
1987,310
1987,700
1987,315
1987,115
1987,390
1987,110
1987,395
1987,771
1987,80
1987,830
1987,790
1987,520
1987,522
1987,420
1987,365
1987,910
1987,360
1987,580
1987,581
1987,300
1987,380
1987,385
1987,696
1987,100
1987,101
1987,900
1987,780
1987,781
1987,840
1987,31
1987,640
1987,645
1987,438
1987,439
1987,436
1987,437
1987,434
1987,435
1987,432
1987,433
1987,517
1987,516
1987,620
1987,339
1987,338
1987,625
1987,450
1987,451
1987,452
1987,570
1987,60
1987,255
1987,541
1987,850
1987,731
1987,2
1987,652
1987,651
1987,500
1987,501
1987,630
1987,510
1987,750
1987,560
1987,461
1987,91
1987,165
1987,225
1987,92
1987,160
1987,94
1987,220
1987,935
1987,740
1987,150
1987,155
1987,600
1987,551
1987,553
1987,552
1987,235
1987,230
1987,950
1987,42
1987,40
1987,41
1987,325
1987,775
1987,200
1987,145
1987,205
1987,770
1987,140
1987,713
1987,350
1987,616
1987,615
1987,70
1987,484
1987,483
1987,482
1987,481
1987,732
1987,835
1987,940
1987,355
1987,471
1987,352
1987,475
1987,800
1987,680
1988,212
1988,210
1988,211
1988,666
1988,760
1988,663
1988,660
1988,130
1988,135
1988,90
1988,490
1988,93
1988,692
1988,690
1988,20
1988,694
1988,95
1988,698
1988,345
1988,540
1988,404
1988,403
1988,402
1988,572
1988,811
1988,812
1988,571
1988,816
1988,678
1988,990
1988,670
1988,712
1988,710
1988,265
1988,58
1988,55
1988,54
1988,57
1988,56
1988,51
1988,53
1988,52
1988,411
1988,530
1988,920
1988,375
1988,820
1988,290
1988,591
1988,590
1988,310
1988,700
1988,315
1988,115
1988,390
1988,110
1988,395
1988,771
1988,80
1988,830
1988,790
1988,520
1988,522
1988,420
1988,365
1988,910
1988,360
1988,580
1988,581
1988,300
1988,380
1988,385
1988,696
1988,100
1988,101
1988,900
1988,780
1988,781
1988,840
1988,31
1988,640
1988,645
1988,438
1988,439
1988,436
1988,437
1988,434
1988,435
1988,432
1988,433
1988,517
1988,516
1988,620
1988,339
1988,338
1988,625
1988,450
1988,451
1988,452
1988,570
1988,60
1988,255
1988,541
1988,850
1988,731
1988,2
1988,652
1988,651
1988,500
1988,501
1988,630
1988,510
1988,750
1988,560
1988,461
1988,91
1988,165
1988,225
1988,92
1988,160
1988,94
1988,220
1988,935
1988,740
1988,150
1988,155
1988,600
1988,551
1988,553
1988,552
1988,235
1988,230
1988,950
1988,42
1988,40
1988,41
1988,325
1988,775
1988,200
1988,145
1988,205
1988,770
1988,140
1988,713
1988,350
1988,616
1988,615
1988,70
1988,484
1988,483
1988,482
1988,481
1988,732
1988,835
1988,940
1988,355
1988,471
1988,352
1988,475
1988,800
1988,680
1989,212
1989,210
1989,211
1989,666
1989,760
1989,663
1989,660
1989,130
1989,135
1989,90
1989,490
1989,93
1989,692
1989,690
1989,20
1989,694
1989,95
1989,698
1989,345
1989,540
1989,404
1989,403
1989,402
1989,572
1989,811
1989,812
1989,571
1989,816
1989,678
1989,990
1989,670
1989,712
1989,710
1989,265
1989,58
1989,55
1989,54
1989,57
1989,56
1989,51
1989,53
1989,52
1989,411
1989,530
1989,920
1989,375
1989,820
1989,290
1989,591
1989,590
1989,310
1989,700
1989,315
1989,115
1989,390
1989,110
1989,395
1989,771
1989,80
1989,830
1989,790
1989,520
1989,522
1989,420
1989,365
1989,910
1989,360
1989,580
1989,581
1989,300
1989,380
1989,385
1989,696
1989,100
1989,101
1989,900
1989,780
1989,781
1989,840
1989,31
1989,640
1989,645
1989,438
1989,439
1989,436
1989,437
1989,434
1989,435
1989,432
1989,433
1989,517
1989,516
1989,620
1989,339
1989,338
1989,625
1989,450
1989,451
1989,452
1989,570
1989,60
1989,255
1989,541
1989,850
1989,731
1989,2
1989,652
1989,651
1989,500
1989,501
1989,630
1989,510
1989,750
1989,560
1989,461
1989,91
1989,165
1989,225
1989,92
1989,160
1989,94
1989,220
1989,935
1989,740
1989,150
1989,155
1989,600
1989,551
1989,553
1989,552
1989,235
1989,230
1989,950
1989,42
1989,40
1989,41
1989,325
1989,775
1989,200
1989,145
1989,205
1989,770
1989,140
1989,713
1989,350
1989,616
1989,615
1989,70
1989,484
1989,483
1989,482
1989,481
1989,732
1989,835
1989,940
1989,355
1989,471
1989,352
1989,475
1989,800
1989,680
1990,212
1990,210
1990,211
1990,666
1990,760
1990,663
1990,660
1990,130
1990,135
1990,90
1990,490
1990,93
1990,692
1990,690
1990,20
1990,694
1990,160
1990,698
1990,345
1990,540
1990,404
1990,403
1990,402
1990,572
1990,811
1990,812
1990,571
1990,816
1990,678
1990,679
1990,670
1990,712
1990,710
1990,265
1990,58
1990,55
1990,54
1990,57
1990,56
1990,51
1990,53
1990,52
1990,411
1990,530
1990,920
1990,375
1990,820
1990,290
1990,591
1990,590
1990,310
1990,700
1990,315
1990,115
1990,390
1990,110
1990,395
1990,771
1990,80
1990,830
1990,790
1990,520
1990,522
1990,420
1990,365
1990,910
1990,360
1990,580
1990,581
1990,300
1990,380
1990,385
1990,95
1990,696
1990,100
1990,101
1990,900
1990,780
1990,781
1990,840
1990,31
1990,640
1990,645
1990,438
1990,439
1990,436
1990,437
1990,434
1990,435
1990,432
1990,433
1990,517
1990,516
1990,620
1990,339
1990,338
1990,625
1990,450
1990,451
1990,452
1990,570
1990,60
1990,255
1990,541
1990,850
1990,731
1990,2
1990,652
1990,651
1990,500
1990,501
1990,630
1990,510
1990,750
1990,560
1990,461
1990,565
1990,91
1990,165
1990,225
1990,92
1990,223
1990,94
1990,220
1990,935
1990,740
1990,150
1990,155
1990,600
1990,551
1990,553
1990,552
1990,235
1990,230
1990,990
1990,950
1990,42
1990,40
1990,41
1990,325
1990,775
1990,200
1990,145
1990,205
1990,770
1990,140
1990,713
1990,350
1990,616
1990,615
1990,70
1990,484
1990,483
1990,482
1990,481
1990,732
1990,835
1990,940
1990,355
1990,471
1990,352
1990,475
1990,800
1990,680
1991,212
1991,210
1991,211
1991,983
1991,666
1991,760
1991,663
1991,660
1991,130
1991,135
1991,90
1991,490
1991,93
1991,692
1991,690
1991,20
1991,694
1991,160
1991,698
1991,345
1991,540
1991,404
1991,403
1991,402
1991,572
1991,811
1991,812
1991,571
1991,816
1991,522
1991,670
1991,712
1991,710
1991,420
1991,58
1991,55
1991,54
1991,57
1991,56
1991,51
1991,53
1991,52
1991,411
1991,990
1991,530
1991,371
1991,370
1991,373
1991,372
1991,375
1991,820
1991,290
1991,591
1991,590
1991,704
1991,705
1991,310
1991,700
1991,701
1991,315
1991,703
1991,115
1991,390
1991,110
1991,395
1991,771
1991,80
1991,830
1991,790
1991,520
1991,368
1991,369
1991,366
1991,367
1991,365
1991,910
1991,360
1991,580
1991,581
1991,300
1991,380
1991,920
1991,385
1991,95
1991,696
1991,100
1991,101
1991,900
1991,780
1991,781
1991,840
1991,31
1991,640
1991,645
1991,438
1991,439
1991,436
1991,437
1991,434
1991,435
1991,432
1991,433
1991,517
1991,516
1991,620
1991,339
1991,338
1991,625
1991,450
1991,451
1991,452
1991,570
1991,60
1991,255
1991,541
1991,850
1991,731
1991,2
1991,652
1991,651
1991,500
1991,501
1991,630
1991,510
1991,750
1991,560
1991,461
1991,565
1991,987
1991,702
1991,91
1991,165
1991,225
1991,92
1991,223
1991,94
1991,220
1991,935
1991,740
1991,150
1991,155
1991,600
1991,551
1991,553
1991,552
1991,235
1991,230
1991,679
1991,950
1991,42
1991,40
1991,41
1991,325
1991,775
1991,200
1991,145
1991,205
1991,770
1991,140
1991,713
1991,475
1991,616
1991,615
1991,70
1991,484
1991,483
1991,482
1991,481
1991,732
1991,835
1991,940
1991,355
1991,471
1991,352
1991,350
1991,800
1991,359
1992,212
1992,210
1992,211
1992,983
1992,666
1992,760
1992,663
1992,660
1992,130
1992,135
1992,90
1992,571
1992,490
1992,93
1992,692
1992,690
1992,20
1992,694
1992,160
1992,698
1992,344
1992,345
1992,346
1992,404
1992,403
1992,402
1992,572
1992,811
1992,812
1992,349
1992,816
1992,522
1992,670
1992,712
1992,710
1992,420
1992,58
1992,55
1992,54
1992,57
1992,56
1992,51
1992,53
1992,52
1992,411
1992,990
1992,530
1992,371
1992,370
1992,373
1992,372
1992,375
1992,820
1992,290
1992,591
1992,590
1992,704
1992,705
1992,310
1992,700
1992,701
1992,315
1992,703
1992,115
1992,390
1992,110
1992,395
1992,771
1992,80
1992,830
1992,790
1992,520
1992,368
1992,369
1992,366
1992,367
1992,365
1992,910
1992,360
1992,580
1992,581
1992,300
1992,380
1992,920
1992,385
1992,95
1992,696
1992,100
1992,101
1992,900
1992,780
1992,781
1992,840
1992,31
1992,640
1992,645
1992,438
1992,439
1992,436
1992,437
1992,434
1992,435
1992,432
1992,433
1992,517
1992,516
1992,620
1992,339
1992,338
1992,625
1992,450
1992,451
1992,452
1992,570
1992,331
1992,60
1992,255
1992,541
1992,850
1992,540
1992,731
1992,2
1992,652
1992,651
1992,500
1992,501
1992,630
1992,510
1992,750
1992,560
1992,461
1992,565
1992,987
1992,702
1992,91
1992,165
1992,225
1992,92
1992,223
1992,94
1992,220
1992,935
1992,740
1992,150
1992,155
1992,600
1992,551
1992,553
1992,552
1992,235
1992,230
1992,679
1992,950
1992,42
1992,40
1992,41
1992,325
1992,775
1992,200
1992,145
1992,205
1992,770
1992,140
1992,713
1992,475
1992,616
1992,615
1992,70
1992,484
1992,483
1992,482
1992,481
1992,732
1992,835
1992,940
1992,355
1992,471
1992,352
1992,350
1992,800
1992,359
1993,212
1993,210
1993,211
1993,983
1993,666
1993,760
1993,663
1993,660
1993,130
1993,135
1993,90
1993,571
1993,490
1993,93
1993,692
1993,690
1993,20
1993,694
1993,160
1993,698
1993,344
1993,345
1993,346
1993,404
1993,403
1993,402
1993,343
1993,811
1993,812
1993,349
1993,816
1993,522
1993,670
1993,712
1993,710
1993,420
1993,58
1993,55
1993,54
1993,57
1993,56
1993,51
1993,53
1993,52
1993,411
1993,531
1993,530
1993,371
1993,370
1993,373
1993,372
1993,375
1993,820
1993,290
1993,591
1993,590
1993,704
1993,705
1993,310
1993,317
1993,316
1993,702
1993,703
1993,115
1993,390
1993,110
1993,395
1993,771
1993,80
1993,830
1993,790
1993,520
1993,368
1993,369
1993,366
1993,367
1993,365
1993,910
1993,360
1993,580
1993,581
1993,300
1993,380
1993,920
1993,385
1993,95
1993,696
1993,100
1993,101
1993,900
1993,780
1993,781
1993,840
1993,31
1993,640
1993,645
1993,438
1993,439
1993,436
1993,437
1993,434
1993,435
1993,432
1993,433
1993,517
1993,516
1993,620
1993,339
1993,338
1993,625
1993,450
1993,451
1993,452
1993,570
1993,331
1993,60
1993,255
1993,541
1993,850
1993,990
1993,540
1993,731
1993,2
1993,652
1993,651
1993,500
1993,501
1993,630
1993,510
1993,750
1993,560
1993,700
1993,461
1993,565
1993,701
1993,987
1993,91
1993,165
1993,225
1993,92
1993,223
1993,94
1993,221
1993,220
1993,935
1993,740
1993,150
1993,155
1993,600
1993,551
1993,553
1993,552
1993,235
1993,230
1993,232
1993,679
1993,950
1993,42
1993,40
1993,41
1993,325
1993,775
1993,200
1993,145
1993,205
1993,770
1993,140
1993,713
1993,475
1993,616
1993,615
1993,70
1993,484
1993,483
1993,482
1993,481
1993,732
1993,835
1993,940
1993,355
1993,471
1993,352
1993,350
1993,800
1993,572
1993,359
1994,212
1994,210
1994,211
1994,983
1994,666
1994,760
1994,663
1994,660
1994,130
1994,135
1994,90
1994,571
1994,490
1994,93
1994,692
1994,690
1994,20
1994,694
1994,160
1994,698
1994,344
1994,345
1994,346
1994,404
1994,403
1994,402
1994,343
1994,811
1994,812
1994,349
1994,816
1994,522
1994,670
1994,712
1994,710
1994,420
1994,986
1994,58
1994,55
1994,54
1994,57
1994,56
1994,51
1994,53
1994,52
1994,411
1994,531
1994,530
1994,371
1994,370
1994,373
1994,372
1994,375
1994,820
1994,290
1994,591
1994,590
1994,704
1994,705
1994,310
1994,317
1994,316
1994,702
1994,703
1994,115
1994,390
1994,110
1994,395
1994,771
1994,80
1994,830
1994,790
1994,520
1994,368
1994,369
1994,366
1994,367
1994,365
1994,910
1994,360
1994,580
1994,581
1994,300
1994,380
1994,920
1994,385
1994,95
1994,696
1994,100
1994,101
1994,900
1994,780
1994,781
1994,840
1994,31
1994,640
1994,645
1994,438
1994,439
1994,436
1994,437
1994,434
1994,435
1994,432
1994,433
1994,517
1994,516
1994,620
1994,339
1994,338
1994,625
1994,450
1994,451
1994,452
1994,570
1994,331
1994,60
1994,255
1994,541
1994,850
1994,990
1994,540
1994,731
1994,2
1994,652
1994,651
1994,500
1994,501
1994,630
1994,510
1994,750
1994,560
1994,700
1994,461
1994,565
1994,701
1994,987
1994,91
1994,165
1994,225
1994,92
1994,223
1994,94
1994,221
1994,220
1994,935
1994,740
1994,150
1994,155
1994,600
1994,551
1994,553
1994,552
1994,235
1994,230
1994,232
1994,679
1994,950
1994,42
1994,40
1994,41
1994,325
1994,775
1994,200
1994,145
1994,205
1994,770
1994,140
1994,713
1994,475
1994,616
1994,615
1994,70
1994,484
1994,483
1994,482
1994,481
1994,732
1994,835
1994,940
1994,355
1994,471
1994,352
1994,350
1994,800
1994,572
1994,359
1995,212
1995,210
1995,211
1995,983
1995,666
1995,760
1995,663
1995,660
1995,130
1995,135
1995,90
1995,571
1995,490
1995,93
1995,692
1995,690
1995,20
1995,694
1995,160
1995,698
1995,344
1995,345
1995,346
1995,404
1995,403
1995,402
1995,343
1995,811
1995,812
1995,349
1995,816
1995,522
1995,670
1995,712
1995,710
1995,420
1995,986
1995,58
1995,55
1995,54
1995,57
1995,56
1995,51
1995,53
1995,52
1995,411
1995,531
1995,530
1995,371
1995,370
1995,373
1995,372
1995,375
1995,820
1995,290
1995,591
1995,590
1995,704
1995,705
1995,310
1995,317
1995,316
1995,702
1995,703
1995,115
1995,390
1995,110
1995,395
1995,771
1995,80
1995,830
1995,790
1995,520
1995,368
1995,369
1995,366
1995,367
1995,365
1995,910
1995,360
1995,580
1995,581
1995,300
1995,380
1995,920
1995,385
1995,95
1995,696
1995,100
1995,101
1995,900
1995,780
1995,781
1995,840
1995,31
1995,640
1995,645
1995,438
1995,439
1995,436
1995,437
1995,434
1995,435
1995,432
1995,433
1995,517
1995,516
1995,620
1995,339
1995,338
1995,625
1995,450
1995,451
1995,452
1995,570
1995,331
1995,60
1995,255
1995,541
1995,850
1995,990
1995,540
1995,731
1995,2
1995,652
1995,651
1995,500
1995,501
1995,630
1995,510
1995,750
1995,560
1995,700
1995,461
1995,565
1995,701
1995,987
1995,91
1995,165
1995,225
1995,92
1995,223
1995,94
1995,221
1995,220
1995,935
1995,740
1995,150
1995,155
1995,600
1995,551
1995,553
1995,552
1995,235
1995,230
1995,232
1995,679
1995,950
1995,42
1995,40
1995,41
1995,325
1995,775
1995,200
1995,145
1995,205
1995,770
1995,140
1995,713
1995,475
1995,616
1995,615
1995,70
1995,484
1995,483
1995,482
1995,481
1995,732
1995,835
1995,940
1995,355
1995,471
1995,352
1995,350
1995,800
1995,572
1995,359
1996,212
1996,210
1996,211
1996,983
1996,666
1996,760
1996,663
1996,660
1996,130
1996,135
1996,90
1996,571
1996,490
1996,93
1996,692
1996,690
1996,20
1996,694
1996,160
1996,698
1996,344
1996,345
1996,346
1996,404
1996,403
1996,402
1996,343
1996,811
1996,812
1996,349
1996,816
1996,522
1996,670
1996,712
1996,710
1996,420
1996,986
1996,58
1996,55
1996,54
1996,57
1996,56
1996,51
1996,53
1996,52
1996,411
1996,531
1996,530
1996,371
1996,370
1996,373
1996,372
1996,375
1996,820
1996,290
1996,591
1996,590
1996,704
1996,705
1996,310
1996,317
1996,316
1996,702
1996,703
1996,115
1996,390
1996,110
1996,395
1996,771
1996,80
1996,830
1996,790
1996,520
1996,368
1996,369
1996,366
1996,367
1996,365
1996,910
1996,360
1996,580
1996,581
1996,300
1996,380
1996,920
1996,385
1996,95
1996,696
1996,100
1996,101
1996,900
1996,780
1996,781
1996,840
1996,31
1996,640
1996,645
1996,438
1996,439
1996,436
1996,437
1996,434
1996,435
1996,432
1996,433
1996,517
1996,516
1996,620
1996,339
1996,338
1996,625
1996,450
1996,451
1996,452
1996,570
1996,331
1996,60
1996,255
1996,541
1996,850
1996,990
1996,540
1996,731
1996,2
1996,652
1996,651
1996,500
1996,501
1996,630
1996,510
1996,750
1996,560
1996,700
1996,461
1996,565
1996,701
1996,987
1996,91
1996,165
1996,225
1996,92
1996,223
1996,94
1996,221
1996,220
1996,935
1996,740
1996,150
1996,155
1996,600
1996,551
1996,553
1996,552
1996,235
1996,230
1996,232
1996,679
1996,950
1996,42
1996,40
1996,41
1996,325
1996,775
1996,200
1996,145
1996,205
1996,770
1996,140
1996,713
1996,475
1996,616
1996,615
1996,70
1996,484
1996,483
1996,482
1996,481
1996,732
1996,835
1996,940
1996,355
1996,471
1996,352
1996,350
1996,800
1996,572
1996,359
1997,212
1997,210
1997,211
1997,983
1997,666
1997,760
1997,663
1997,660
1997,130
1997,135
1997,90
1997,571
1997,490
1997,93
1997,692
1997,690
1997,20
1997,694
1997,160
1997,698
1997,344
1997,345
1997,346
1997,404
1997,403
1997,402
1997,343
1997,811
1997,812
1997,349
1997,816
1997,522
1997,670
1997,712
1997,710
1997,420
1997,986
1997,58
1997,55
1997,54
1997,57
1997,56
1997,51
1997,53
1997,52
1997,411
1997,531
1997,530
1997,371
1997,370
1997,373
1997,372
1997,375
1997,820
1997,290
1997,591
1997,590
1997,704
1997,705
1997,310
1997,317
1997,316
1997,702
1997,703
1997,115
1997,390
1997,110
1997,395
1997,771
1997,80
1997,830
1997,790
1997,520
1997,368
1997,369
1997,366
1997,367
1997,365
1997,910
1997,360
1997,580
1997,581
1997,300
1997,380
1997,920
1997,385
1997,95
1997,696
1997,100
1997,101
1997,900
1997,780
1997,781
1997,840
1997,31
1997,640
1997,645
1997,438
1997,439
1997,436
1997,437
1997,434
1997,435
1997,432
1997,433
1997,517
1997,516
1997,620
1997,339
1997,338
1997,625
1997,450
1997,451
1997,452
1997,570
1997,331
1997,60
1997,255
1997,541
1997,850
1997,990
1997,540
1997,731
1997,2
1997,652
1997,651
1997,500
1997,501
1997,630
1997,510
1997,750
1997,560
1997,700
1997,461
1997,565
1997,701
1997,987
1997,91
1997,165
1997,225
1997,92
1997,223
1997,94
1997,221
1997,220
1997,935
1997,740
1997,150
1997,155
1997,600
1997,551
1997,553
1997,552
1997,235
1997,230
1997,232
1997,679
1997,950
1997,42
1997,40
1997,41
1997,325
1997,775
1997,200
1997,145
1997,205
1997,770
1997,140
1997,713
1997,475
1997,616
1997,615
1997,70
1997,484
1997,483
1997,482
1997,481
1997,732
1997,835
1997,940
1997,355
1997,471
1997,352
1997,350
1997,800
1997,572
1997,359
1998,212
1998,210
1998,211
1998,983
1998,666
1998,760
1998,663
1998,660
1998,130
1998,135
1998,90
1998,571
1998,490
1998,93
1998,692
1998,690
1998,20
1998,694
1998,160
1998,698
1998,344
1998,345
1998,346
1998,404
1998,403
1998,402
1998,343
1998,811
1998,812
1998,349
1998,816
1998,522
1998,670
1998,712
1998,710
1998,420
1998,986
1998,58
1998,55
1998,54
1998,57
1998,56
1998,51
1998,53
1998,52
1998,411
1998,531
1998,530
1998,371
1998,370
1998,373
1998,372
1998,375
1998,820
1998,290
1998,591
1998,590
1998,704
1998,705
1998,310
1998,317
1998,316
1998,702
1998,703
1998,115
1998,390
1998,110
1998,395
1998,771
1998,80
1998,830
1998,790
1998,520
1998,368
1998,369
1998,366
1998,367
1998,365
1998,910
1998,360
1998,580
1998,581
1998,300
1998,380
1998,920
1998,385
1998,95
1998,696
1998,100
1998,101
1998,900
1998,780
1998,781
1998,840
1998,31
1998,640
1998,645
1998,438
1998,439
1998,436
1998,437
1998,434
1998,435
1998,432
1998,433
1998,517
1998,516
1998,620
1998,339
1998,338
1998,625
1998,450
1998,451
1998,452
1998,570
1998,331
1998,60
1998,255
1998,541
1998,850
1998,990
1998,540
1998,731
1998,2
1998,652
1998,651
1998,500
1998,501
1998,630
1998,510
1998,750
1998,560
1998,700
1998,461
1998,565
1998,701
1998,987
1998,91
1998,165
1998,225
1998,92
1998,223
1998,94
1998,221
1998,220
1998,935
1998,740
1998,150
1998,155
1998,600
1998,551
1998,553
1998,552
1998,235
1998,230
1998,232
1998,679
1998,950
1998,42
1998,40
1998,41
1998,325
1998,775
1998,200
1998,145
1998,205
1998,770
1998,140
1998,713
1998,475
1998,616
1998,615
1998,70
1998,484
1998,483
1998,482
1998,481
1998,732
1998,835
1998,940
1998,355
1998,471
1998,352
1998,350
1998,800
1998,572
1998,359
1999,212
1999,210
1999,211
1999,983
1999,666
1999,760
1999,663
1999,660
1999,130
1999,135
1999,90
1999,571
1999,490
1999,93
1999,692
1999,690
1999,20
1999,694
1999,160
1999,698
1999,344
1999,345
1999,346
1999,404
1999,403
1999,402
1999,343
1999,811
1999,812
1999,349
1999,816
1999,522
1999,670
1999,712
1999,710
1999,420
1999,986
1999,58
1999,55
1999,54
1999,57
1999,56
1999,51
1999,53
1999,52
1999,411
1999,531
1999,530
1999,371
1999,370
1999,373
1999,372
1999,375
1999,820
1999,290
1999,591
1999,590
1999,704
1999,705
1999,310
1999,317
1999,316
1999,702
1999,703
1999,115
1999,390
1999,110
1999,395
1999,771
1999,80
1999,830
1999,790
1999,520
1999,368
1999,369
1999,366
1999,367
1999,365
1999,910
1999,360
1999,580
1999,581
1999,300
1999,380
1999,920
1999,385
1999,95
1999,696
1999,100
1999,101
1999,900
1999,780
1999,781
1999,840
1999,31
1999,955
1999,640
1999,645
1999,438
1999,439
1999,436
1999,437
1999,434
1999,435
1999,432
1999,433
1999,517
1999,516
1999,620
1999,339
1999,338
1999,625
1999,450
1999,451
1999,452
1999,570
1999,331
1999,60
1999,255
1999,541
1999,850
1999,970
1999,990
1999,540
1999,731
1999,2
1999,652
1999,651
1999,500
1999,501
1999,630
1999,510
1999,750
1999,560
1999,700
1999,461
1999,565
1999,701
1999,987
1999,91
1999,165
1999,225
1999,92
1999,223
1999,94
1999,221
1999,220
1999,935
1999,740
1999,150
1999,155
1999,600
1999,551
1999,553
1999,552
1999,235
1999,230
1999,232
1999,679
1999,950
1999,42
1999,40
1999,41
1999,325
1999,775
1999,200
1999,145
1999,205
1999,770
1999,140
1999,713
1999,475
1999,616
1999,615
1999,70
1999,484
1999,483
1999,482
1999,481
1999,946
1999,732
1999,835
1999,940
1999,355
1999,471
1999,352
1999,350
1999,800
1999,572
1999,359
2000,212
2000,210
2000,211
2000,983
2000,666
2000,760
2000,663
2000,660
2000,130
2000,135
2000,90
2000,571
2000,490
2000,93
2000,692
2000,690
2000,20
2000,694
2000,160
2000,698
2000,344
2000,345
2000,346
2000,404
2000,403
2000,402
2000,343
2000,811
2000,812
2000,349
2000,816
2000,522
2000,670
2000,712
2000,710
2000,420
2000,986
2000,58
2000,55
2000,54
2000,57
2000,56
2000,51
2000,53
2000,52
2000,411
2000,531
2000,530
2000,371
2000,370
2000,373
2000,372
2000,375
2000,820
2000,290
2000,591
2000,590
2000,704
2000,705
2000,310
2000,317
2000,316
2000,702
2000,703
2000,115
2000,390
2000,110
2000,395
2000,771
2000,80
2000,830
2000,790
2000,520
2000,368
2000,369
2000,366
2000,367
2000,365
2000,910
2000,360
2000,580
2000,581
2000,300
2000,380
2000,920
2000,385
2000,95
2000,696
2000,100
2000,101
2000,900
2000,780
2000,781
2000,840
2000,31
2000,955
2000,640
2000,645
2000,438
2000,439
2000,436
2000,437
2000,434
2000,435
2000,432
2000,433
2000,517
2000,516
2000,620
2000,339
2000,338
2000,625
2000,450
2000,451
2000,452
2000,570
2000,331
2000,60
2000,255
2000,541
2000,850
2000,970
2000,990
2000,540
2000,731
2000,2
2000,652
2000,651
2000,500
2000,501
2000,630
2000,510
2000,750
2000,560
2000,700
2000,461
2000,565
2000,701
2000,987
2000,91
2000,165
2000,225
2000,92
2000,223
2000,94
2000,221
2000,220
2000,935
2000,947
2000,740
2000,150
2000,155
2000,600
2000,551
2000,553
2000,552
2000,235
2000,230
2000,232
2000,679
2000,950
2000,42
2000,40
2000,41
2000,325
2000,775
2000,200
2000,145
2000,205
2000,770
2000,140
2000,713
2000,475
2000,616
2000,615
2000,70
2000,484
2000,483
2000,482
2000,481
2000,946
2000,732
2000,835
2000,940
2000,355
2000,471
2000,352
2000,350
2000,800
2000,572
2000,359
2001,212
2001,210
2001,211
2001,983
2001,666
2001,760
2001,663
2001,660
2001,130
2001,135
2001,90
2001,571
2001,490
2001,93
2001,692
2001,690
2001,20
2001,694
2001,160
2001,698
2001,344
2001,345
2001,346
2001,404
2001,403
2001,402
2001,343
2001,811
2001,812
2001,349
2001,816
2001,522
2001,670
2001,712
2001,710
2001,420
2001,986
2001,58
2001,55
2001,54
2001,57
2001,56
2001,51
2001,53
2001,52
2001,411
2001,531
2001,530
2001,371
2001,370
2001,373
2001,372
2001,375
2001,820
2001,290
2001,591
2001,590
2001,704
2001,705
2001,310
2001,317
2001,316
2001,702
2001,703
2001,115
2001,390
2001,110
2001,395
2001,771
2001,80
2001,830
2001,790
2001,520
2001,368
2001,369
2001,366
2001,367
2001,365
2001,910
2001,360
2001,580
2001,581
2001,300
2001,380
2001,920
2001,385
2001,95
2001,696
2001,100
2001,101
2001,900
2001,780
2001,781
2001,840
2001,31
2001,955
2001,640
2001,645
2001,438
2001,439
2001,436
2001,437
2001,434
2001,435
2001,432
2001,433
2001,517
2001,516
2001,620
2001,339
2001,338
2001,625
2001,450
2001,451
2001,452
2001,570
2001,331
2001,60
2001,255
2001,541
2001,850
2001,970
2001,990
2001,540
2001,731
2001,2
2001,652
2001,651
2001,500
2001,501
2001,630
2001,510
2001,750
2001,560
2001,700
2001,461
2001,565
2001,701
2001,987
2001,91
2001,165
2001,225
2001,92
2001,223
2001,94
2001,221
2001,220
2001,935
2001,947
2001,740
2001,150
2001,155
2001,600
2001,551
2001,553
2001,552
2001,235
2001,230
2001,232
2001,679
2001,950
2001,42
2001,40
2001,41
2001,325
2001,775
2001,200
2001,145
2001,205
2001,770
2001,140
2001,713
2001,475
2001,616
2001,615
2001,70
2001,484
2001,483
2001,482
2001,481
2001,946
2001,732
2001,835
2001,940
2001,355
2001,471
2001,352
2001,350
2001,800
2001,572
2001,359
2002,212
2002,210
2002,211
2002,983
2002,666
2002,760
2002,663
2002,660
2002,130
2002,135
2002,90
2002,571
2002,490
2002,93
2002,692
2002,690
2002,20
2002,694
2002,160
2002,698
2002,344
2002,345
2002,346
2002,404
2002,403
2002,402
2002,343
2002,811
2002,812
2002,349
2002,816
2002,522
2002,670
2002,712
2002,710
2002,420
2002,986
2002,58
2002,55
2002,54
2002,57
2002,56
2002,51
2002,53
2002,52
2002,411
2002,531
2002,530
2002,371
2002,370
2002,373
2002,372
2002,375
2002,820
2002,290
2002,591
2002,590
2002,704
2002,705
2002,310
2002,317
2002,316
2002,702
2002,703
2002,115
2002,390
2002,110
2002,395
2002,771
2002,80
2002,830
2002,790
2002,520
2002,368
2002,369
2002,366
2002,367
2002,365
2002,910
2002,360
2002,580
2002,581
2002,300
2002,380
2002,920
2002,385
2002,95
2002,696
2002,100
2002,101
2002,900
2002,780
2002,781
2002,840
2002,31
2002,955
2002,640
2002,645
2002,438
2002,439
2002,436
2002,437
2002,434
2002,435
2002,432
2002,433
2002,517
2002,516
2002,620
2002,339
2002,338
2002,625
2002,450
2002,451
2002,452
2002,570
2002,331
2002,60
2002,255
2002,541
2002,850
2002,970
2002,990
2002,540
2002,731
2002,2
2002,652
2002,651
2002,500
2002,501
2002,630
2002,510
2002,750
2002,560
2002,700
2002,461
2002,565
2002,701
2002,987
2002,91
2002,165
2002,225
2002,92
2002,223
2002,94
2002,221
2002,220
2002,860
2002,935
2002,947
2002,740
2002,150
2002,155
2002,600
2002,551
2002,553
2002,552
2002,235
2002,230
2002,232
2002,679
2002,950
2002,42
2002,40
2002,41
2002,325
2002,775
2002,200
2002,145
2002,205
2002,770
2002,140
2002,713
2002,475
2002,616
2002,615
2002,70
2002,484
2002,483
2002,482
2002,481
2002,946
2002,732
2002,835
2002,940
2002,355
2002,471
2002,352
2002,350
2002,800
2002,572
2002,359
2003,212
2003,210
2003,211
2003,983
2003,666
2003,760
2003,663
2003,660
2003,130
2003,135
2003,90
2003,571
2003,490
2003,93
2003,692
2003,690
2003,20
2003,694
2003,160
2003,698
2003,344
2003,345
2003,346
2003,404
2003,403
2003,402
2003,343
2003,811
2003,812
2003,349
2003,816
2003,522
2003,670
2003,712
2003,710
2003,420
2003,986
2003,58
2003,55
2003,54
2003,57
2003,56
2003,51
2003,53
2003,52
2003,411
2003,531
2003,530
2003,371
2003,370
2003,373
2003,372
2003,375
2003,820
2003,290
2003,591
2003,590
2003,704
2003,705
2003,310
2003,317
2003,316
2003,702
2003,703
2003,115
2003,390
2003,110
2003,395
2003,771
2003,80
2003,830
2003,790
2003,520
2003,368
2003,369
2003,366
2003,367
2003,365
2003,910
2003,360
2003,580
2003,581
2003,300
2003,380
2003,920
2003,385
2003,95
2003,696
2003,100
2003,101
2003,900
2003,780
2003,781
2003,840
2003,31
2003,955
2003,640
2003,645
2003,438
2003,439
2003,436
2003,437
2003,434
2003,435
2003,432
2003,433
2003,517
2003,516
2003,620
2003,339
2003,338
2003,625
2003,450
2003,451
2003,452
2003,570
2003,331
2003,60
2003,255
2003,541
2003,850
2003,970
2003,990
2003,540
2003,731
2003,2
2003,652
2003,651
2003,500
2003,501
2003,630
2003,510
2003,750
2003,560
2003,700
2003,461
2003,565
2003,701
2003,987
2003,91
2003,165
2003,225
2003,92
2003,223
2003,94
2003,221
2003,220
2003,860
2003,935
2003,947
2003,740
2003,150
2003,155
2003,600
2003,551
2003,553
2003,552
2003,235
2003,230
2003,232
2003,679
2003,950
2003,42
2003,40
2003,41
2003,325
2003,775
2003,200
2003,145
2003,205
2003,770
2003,140
2003,713
2003,475
2003,616
2003,615
2003,70
2003,484
2003,483
2003,482
2003,481
2003,946
2003,732
2003,835
2003,940
2003,355
2003,471
2003,352
2003,350
2003,800
2003,572
2003,359
